ID,Décision,Statut,Date,Personnes,Référence
DEC-001,Monorepo pnpm workspaces,Acceptée,2026-09-24,"Yannis, Orias",decisions.md#dec-001
DEC-002,"Conserver la stack du cahier des charges (Express/TS, Prisma, PostgreSQL, React Native)",Acceptée,2026-09-24,"Yannis, Orias",decisions.md#dec-002
DEC-003,Expo (CNG) + EAS Build plutôt que React Native bare,Acceptée,2026-09-24,"Yannis, Orias",decisions.md#dec-003
DEC-004,"Hébergement Railway (API + Postgres), staging et production",Acceptée,2026-09-24,"Yannis, Orias",decisions.md#dec-004
DEC-005,Paiement via un agrégateur béninois plutôt que MTN et Moov en direct,Acceptée (fournisseur à choisir dans NOISE-010),2026-09-24,"Yannis, Orias",decisions.md#dec-005
DEC-006,Google Play après le MVP ; AAB préparé dès la S4,Acceptée,2026-09-24,"Yannis, Orias",decisions.md#dec-006
DEC-007,Réservation du stock à la création de la commande,Acceptée (écart au CDC),2026-09-24,"Yannis, Orias",decisions.md#dec-007
DEC-008,Maximum 5 billets par commande,Acceptée,2026-09-24,"Yannis, Orias",decisions.md#dec-008
DEC-009,Reversements aux organisateurs manuels pour le MVP,Acceptée ; taux et frais en attente,2026-09-24,"Yannis, Orias",decisions.md#dec-009
DEC-010,Remboursements manuels en cas d'annulation d'événement,Acceptée,2026-09-24,"Yannis, Orias",decisions.md#dec-010
DEC-011,Navigation mobile : Expo Router (bâti sur React Navigation),Proposée,2026-09-24,"Yannis, Orias",decisions.md#dec-011
DEC-012,"Format des commits vérifié en CI (titre de PR), sans hook Git local",Acceptée,2026-09-24,"Yannis, Orias",decisions.md#dec-012
DEC-013,Stratégie Git trunk-based : main protégée + branches courtes + squash,Acceptée,2026-09-24,"Yannis, Orias",decisions.md#dec-013
DEC-014,Scanner en ligne uniquement pour le MVP,Acceptée,2026-09-24,"Yannis, Orias",decisions.md#dec-014
DEC-015,Identifiant Android `com.noise.app`,Proposée,2026-09-24,"Yannis, Orias",decisions.md#dec-015
DEC-016,Entité légale et titulaire du compte marchand (KYC),En attente,,"Yannis, Orias",decisions.md#dec-016
DEC-017,Vérification du téléphone et mot de passe oublié (OTP SMS),En attente,,"Yannis, Orias",decisions.md#dec-017
DEC-018,Validation des organisateurs avant la mise en vente,En attente,,"Yannis, Orias",decisions.md#dec-018
DEC-019,Disponibilité hebdomadaire de Yannis et Orias,En attente,,"Yannis, Orias",decisions.md#dec-019
DEC-020,"Administration minimale : rôle ADMIN + endpoints internes, pas d'interface dédiée",Acceptée,2026-09-24,"Yannis, Orias",decisions.md#dec-020
